node,difficulty,block_index,attempts,wall_time_s,server_time_s,overhead_s,attempt_rate,attempt_rate_wall,nonce,startup_seconds,rep
diff3,3,3,435,0.001119,0.0004,0.000719,1087500.0,388812.54668356234,434,0.2257,0
diff3,3,4,5644,0.005819,0.005,0.000819,1128800.0,969939.9472674079,5643,0.2257,1
diff3,3,5,3004,0.003749,0.0028,0.000949,1072857.142857143,801378.2573446423,3003,0.2257,2
diff3,3,6,4898,0.005317,0.0045,0.000817,1088444.4444444445,921203.267527976,4897,0.2257,3
diff3,3,7,2431,0.002944,0.0021,0.000844,1157619.0476190476,825840.726970669,2430,0.2257,4
diff3,3,8,1905,0.002479,0.0017,0.000779,1120588.2352941178,768558.3120844074,1904,0.2257,5
diff3,3,9,6758,0.006652,0.0059,0.000752,1145423.7288135593,1015992.3270196222,6757,0.2257,6
diff3,3,10,4341,0.004386,0.0037,0.000686,1173243.243243243,989646.2308731653,4340,0.2257,7
diff3,3,11,329,0.000978,0.0003,0.000678,1096666.6666666667,336372.31092302146,328,0.2257,8
diff3,3,12,909,0.001484,0.0008,0.000684,1136250.0,612705.4254335215,908,0.2257,9
diff3,3,13,843,0.001246,0.0007,0.000546,1204285.7142857143,676700.8470359998,842,0.2257,10
diff3,3,14,589,0.001185,0.0005,0.000685,1178000.0,497238.5121667122,588,0.2257,11
diff3,3,15,987,0.00152,0.0009,0.00062,1096666.6666666667,649413.458316667,986,0.2257,12
diff3,3,16,2698,0.003127,0.0025,0.000627,1079200.0,862669.8781246394,2697,0.2257,13
diff3,3,17,71,0.00083,0.0001,0.00073,710000.0,85512.20446923113,70,0.2257,14
diff3,3,18,13810,0.013068,0.0123,0.000768,1122764.2276422763,1056810.2469119744,13809,0.2257,15
diff3,3,19,1210,0.001949,0.0011,0.000849,1100000.0,620857.6187973648,1209,0.2257,16
diff3,3,20,17433,0.015508,0.0146,0.000908,1194041.095890411,1124147.605044459,17432,0.2257,17
diff3,3,21,2089,0.002787,0.0019,0.000887,1099473.6842105263,749596.1297636523,2088,0.2257,18
diff3,3,22,11005,0.010616,0.0098,0.000816,1122959.1836734693,1036618.404260718,11004,0.2257,19
diff3,3,23,6292,0.006312,0.0055,0.000812,1144000.0,996864.4371152007,6291,0.2257,20
diff3,3,24,3489,0.003714,0.0029,0.000814,1203103.4482758623,939386.76554368,3488,0.2257,21
diff3,3,25,2668,0.002979,0.0023,0.000679,1160000.0,895615.1912241852,2667,0.2257,22
diff3,3,26,4351,0.004502,0.0038,0.000702,1145000.0,966450.342961513,4350,0.2257,23
diff3,3,27,850,0.001318,0.0007,0.000618,1214285.7142857143,644896.0220966563,849,0.2257,24
diff3,3,28,102,0.000619,0.0001,0.000519,1020000.0,164648.92525515534,101,0.2257,25
diff3,3,29,3576,0.003609,0.003,0.000609,1192000.0,990810.6153049592,3575,0.2257,26
diff3,3,30,8777,0.008854,0.008,0.000854,1097125.0,991252.0780385641,8776,0.2257,27
diff3,3,31,335,0.001127,0.0003,0.000827,1116666.6666666667,297227.42161860113,334,0.2257,28
diff3,3,32,15138,0.014089,0.0133,0.000789,1138195.4887218045,1074420.238972534,15137,0.2257,29
diff3,3,33,1102,0.001672,0.0009,0.000772,1224444.4444444445,659206.0508926896,1101,0.2257,30
diff3,3,34,1281,0.001764,0.0011,0.000664,1164545.4545454546,726362.213868555,1280,0.2257,31
diff3,3,35,1652,0.002049,0.0014,0.000649,1180000.0,806246.948769986,1651,0.2257,32
diff3,3,36,7685,0.007419,0.0067,0.000719,1147014.9253731342,1035824.7090957363,7684,0.2257,33
diff3,3,37,12205,0.011597,0.0107,0.000897,1140654.2056074766,1052389.610526065,12204,0.2257,34
diff3,3,38,434,0.00117,0.0004,0.00077,1085000.0,371072.10990011593,433,0.2257,35
diff3,3,39,8946,0.008829,0.008,0.000829,1118250.0,1013304.4597605456,8945,0.2257,36
diff3,3,40,6102,0.006048,0.0053,0.000748,1151320.7547169812,1008956.4290997833,6101,0.2257,37
diff3,3,41,4850,0.00496,0.0041,0.00086,1182926.8292682925,977822.5709215746,4849,0.2257,38
diff3,3,42,1966,0.002344,0.0017,0.000644,1156470.5882352942,838572.9704113711,1965,0.2257,39
diff3,3,43,833,0.001357,0.0007,0.000657,1190000.0,613646.9484724294,832,0.2257,40
diff3,3,44,6957,0.007316,0.0066,0.000716,1054090.9090909092,950978.2182155079,6956,0.2257,41
diff3,3,45,9344,0.009477,0.0086,0.000877,1086511.6279069767,985974.6480865353,9343,0.2257,42
diff3,3,46,4331,0.004823,0.0039,0.000923,1110512.8205128205,898050.8107452461,4330,0.2257,43
diff3,3,47,3097,0.003283,0.0027,0.000583,1147037.037037037,943356.5868414462,3096,0.2257,44
diff3,3,48,98,0.000705,0.0001,0.000605,980000.0,139007.0896130454,97,0.2257,45
diff3,3,49,4966,0.004924,0.0043,0.000624,1154883.7209302327,1008589.262796169,4965,0.2257,46
diff3,3,50,2387,0.002657,0.0021,0.000557,1136666.6666666667,898438.090678556,2386,0.2257,47
diff3,3,51,389,0.000961,0.0003,0.000661,1296666.6666666667,404909.75569681515,388,0.2257,48
diff3,3,52,8558,0.008677,0.0079,0.000777,1083291.1392405063,986295.1425794407,8557,0.2257,49
diff3,3,53,744,0.00151,0.0007,0.00081,1062857.142857143,492552.1426930483,743,0.2257,50
diff3,3,54,10900,0.011206,0.0104,0.000806,1048076.9230769231,972667.8477240016,10899,0.2257,51
diff3,3,55,82,0.000819,0.0001,0.000719,820000.0,100183.25442086617,81,0.2257,52
diff3,3,56,2398,0.002737,0.0022,0.000537,1090000.0,876101.7014070341,2397,0.2257,53
diff3,3,57,1958,0.002373,0.0017,0.000673,1151764.705882353,825072.4469956028,1957,0.2257,54
diff3,3,58,8344,0.008356,0.0076,0.000756,1097894.7368421052,998598.8187144423,8343,0.2257,55
diff3,3,59,6232,0.006778,0.0059,0.000878,1056271.186440678,919416.91320164,6231,0.2257,56
diff3,3,60,3701,0.004309,0.0035,0.000809,1057428.5714285714,858891.6268179823,3700,0.2257,57
diff3,3,61,2206,0.002717,0.002,0.000717,1103000.0,811899.8105943151,2205,0.2257,58
diff3,3,62,2665,0.003187,0.0025,0.000687,1066000.0,836089.4399806925,2664,0.2257,59
diff3,3,63,18578,0.016669,0.0158,0.000869,1175822.7848101265,1114535.1264571634,18577,0.2257,60
diff3,3,64,5979,0.006568,0.0057,0.000868,1048947.3684210526,910340.1130166153,5978,0.2257,61
diff3,3,65,16535,0.015733,0.0147,0.001033,1124829.931972789,1050992.3680024014,16534,0.2257,62
diff3,3,66,1502,0.002046,0.0012,0.000846,1251666.6666666667,733950.9827829229,1501,0.2257,63
diff3,3,67,1123,0.001559,0.001,0.000559,1123000.0,720275.78338959,1122,0.2257,64
diff3,3,68,8821,0.008535,0.0078,0.000735,1130897.435897436,1033468.7613209927,8820,0.2257,65
diff3,3,69,3227,0.003823,0.003,0.000823,1075666.6666666667,844000.3821906319,3226,0.2257,66
diff3,3,70,83,0.000804,0.0001,0.000704,830000.0,103217.77065985347,82,0.2257,67
diff3,3,71,429,0.001024,0.0004,0.000624,1072500.0,418774.82506374666,428,0.2257,68
diff3,3,72,7146,0.007446,0.0067,0.000746,1066567.1641791044,959758.2434897011,7145,0.2257,69
diff3,3,73,315,0.001014,0.0003,0.000714,1050000.0,310689.18518518517,314,0.2257,70
diff3,3,74,1306,0.001793,0.0012,0.000593,1088333.3333333335,728371.4692751757,1305,0.2257,71
diff3,3,75,555,0.001151,0.0005,0.000651,1110000.0,482049.9936156922,554,0.2257,72
diff3,3,76,1968,0.002445,0.0018,0.000645,1093333.3333333333,805044.8971487824,1967,0.2257,73
diff3,3,77,2104,0.002411,0.0018,0.000611,1168888.888888889,872817.4944592008,2103,0.2257,74
diff3,3,78,3479,0.003631,0.003,0.000631,1159666.6666666667,958028.4909990266,3478,0.2257,75
diff3,3,79,12991,0.012254,0.0114,0.000854,1139561.403508772,1060140.0863305174,12990,0.2257,76
diff3,3,80,1087,0.001801,0.001,0.000801,1087000.0,603623.2748860505,1086,0.2257,77
diff3,3,81,8341,0.007842,0.0071,0.000742,1174788.732394366,1063626.1855480736,8340,0.2257,78
diff3,3,82,3427,0.003574,0.0029,0.000674,1181724.1379310347,958903.1041755471,3426,0.2257,79
diff3,3,83,4617,0.004812,0.0041,0.000712,1126097.5609756096,959501.2690922102,4616,0.2257,80
diff3,3,84,3420,0.004027,0.003,0.001027,1140000.0,849223.5642222947,3419,0.2257,81
diff3,3,85,1163,0.001917,0.0011,0.000817,1057272.7272727273,606584.6623623646,1162,0.2257,82
diff3,3,86,1686,0.002249,0.0015,0.000749,1124000.0,749833.2194348817,1685,0.2257,83
diff3,3,87,607,0.00125,0.0006,0.00065,1011666.6666666667,485422.16076188546,606,0.2257,84
diff3,3,88,2852,0.003299,0.0026,0.000699,1096923.076923077,864558.8903287954,2851,0.2257,85
diff3,3,89,14318,0.013082,0.0121,0.000982,1183305.7851239669,1094467.0808597112,14317,0.2257,86
diff3,3,90,1254,0.002023,0.0011,0.000923,1140000.0,619782.3017762203,1253,0.2257,87
diff3,3,91,7772,0.008063,0.0072,0.000863,1079444.4444444445,963924.1707228668,7771,0.2257,88
diff3,3,92,514,0.001303,0.0005,0.000803,1028000.0,394600.24891054805,513,0.2257,89
diff3,3,93,4905,0.005104,0.0044,0.000704,1114772.7272727273,960948.2899663608,4904,0.2257,90
diff3,3,94,1666,0.002227,0.0015,0.000727,1110666.6666666667,747979.3984813608,1665,0.2257,91
diff3,3,95,6474,0.006368,0.0057,0.000668,1135789.4736842106,1016692.3710243157,6473,0.2257,92
diff3,3,96,2584,0.003068,0.0023,0.000768,1123478.2608695652,842162.3364792832,2583,0.2257,93
diff3,3,97,5719,0.00591,0.0052,0.00071,1099807.6923076923,967756.9159637243,5718,0.2257,94
diff3,3,98,8042,0.008359,0.0076,0.000759,1058157.894736842,962119.9662928331,8041,0.2257,95
diff3,3,99,1165,0.001867,0.0011,0.000767,1059090.909090909,623982.0149247776,1164,0.2257,96
diff3,3,100,1001,0.001579,0.0009,0.000679,1112222.2222222222,634062.812087429,1000,0.2257,97
diff3,3,101,1052,0.00153,0.001,0.00053,1052000.0,687469.3368624488,1051,0.2257,98
diff3,3,102,5622,0.006062,0.0054,0.000662,1041111.111111111,927461.3553620729,5621,0.2257,99
diff3,3,103,641,0.001258,0.0006,0.000658,1068333.3333333335,509589.58442744997,640,0.2257,100
diff3,3,104,8657,0.008039,0.0074,0.000639,1169864.8648648649,1076914.348735567,8656,0.2257,101
diff3,3,105,6776,0.006774,0.006,0.000774,1129333.3333333333,1000276.7999986252,6775,0.2257,102
diff3,3,106,1262,0.001906,0.0012,0.000706,1051666.6666666667,662163.1127998075,1261,0.2257,103
diff3,3,107,5477,0.00593,0.0052,0.00073,1053269.2307692308,923673.5793238791,5476,0.2257,104
diff3,3,108,1341,0.002037,0.0013,0.000737,1031538.4615384616,658428.7093558351,1340,0.2257,105
diff3,3,109,633,0.001186,0.0006,0.000586,1055000.0,533726.8351399958,632,0.2257,106
diff3,3,110,4933,0.005187,0.0046,0.000587,1072391.3043478262,950993.2775897398,4932,0.2257,107
diff3,3,111,10891,0.010739,0.01,0.000739,1089100.0,1014130.4212106448,10890,0.2257,108
diff3,3,112,2046,0.002419,0.0017,0.000719,1203529.411764706,845891.4034280176,2045,0.2257,109
diff3,3,113,555,0.001029,0.0005,0.000529,1110000.0,539271.0324667965,554,0.2257,110
diff3,3,114,2597,0.00293,0.0023,0.00063,1129130.4347826086,886247.0753656792,2596,0.2257,111
diff3,3,115,4280,0.004664,0.0039,0.000764,1097435.8974358975,917691.8150738017,4279,0.2257,112
diff3,3,116,7003,0.007212,0.0065,0.000712,1077384.6153846155,970964.5096722607,7002,0.2257,113
diff3,3,117,149,0.000864,0.0001,0.000764,1490000.0,172503.6180342867,148,0.2257,114
diff3,3,118,242,0.000858,0.0003,0.000558,806666.6666666667,282202.2925277822,241,0.2257,115
diff3,3,119,2322,0.002853,0.0022,0.000653,1055454.5454545454,813998.8157869627,2321,0.2257,116
diff3,3,120,1327,0.001921,0.0012,0.000721,1105833.3333333335,690891.0710349313,1326,0.2257,117
diff3,3,121,12577,0.011758,0.011,0.000758,1143363.6363636365,1069624.4036391994,12576,0.2257,118
diff3,3,122,219,0.00098,0.0002,0.00078,1095000.0,223488.34068768323,218,0.2257,119
diff3,3,123,894,0.001361,0.0008,0.000561,1117500.0,656849.6647537281,893,0.2257,120
diff3,3,124,992,0.00148,0.0009,0.00058,1102222.2222222222,670119.4746433696,991,0.2257,121
diff3,3,125,2123,0.002596,0.002,0.000596,1061500.0,817783.3419918141,2122,0.2257,122
diff3,3,126,4887,0.005241,0.0045,0.000741,1086000.0,932374.1473140572,4886,0.2257,123
diff3,3,127,12,0.000742,0.0,0.000742,,16181.579028966,11,0.2257,124
diff3,3,128,611,0.001151,0.0006,0.000551,1018333.3333333334,530650.9618752697,610,0.2257,125
diff3,3,129,1856,0.002404,0.0018,0.000604,1031111.1111111111,772046.5426274723,1855,0.2257,126
diff3,3,130,2312,0.002894,0.0023,0.000594,1005217.3913043479,798779.1898010735,2311,0.2257,127
diff3,3,131,903,0.001478,0.0008,0.000678,1128750.0,610788.3989011856,902,0.2257,128
diff3,3,132,13159,0.012659,0.0119,0.000759,1105798.319327731,1039521.5663748819,13158,0.2257,129
diff3,3,133,1219,0.001922,0.0011,0.000822,1108181.8181818181,634276.4436650074,1218,0.2257,130
diff3,3,134,529,0.001042,0.0005,0.000542,1058000.0,507697.95413275366,528,0.2257,131
diff3,3,135,1200,0.001677,0.0011,0.000577,1090909.0909090908,715367.7620963516,1199,0.2257,132
diff3,3,136,306,0.000851,0.0003,0.000551,1020000.0000000001,359559.2775371615,305,0.2257,133
diff3,3,137,3935,0.004348,0.0038,0.000548,1035526.3157894737,905022.3193813202,3934,0.2257,134
diff3,3,138,11105,0.011046,0.0102,0.000846,1088725.4901960783,1005318.5574741646,11104,0.2257,135
diff3,3,139,6585,0.006955,0.0062,0.000755,1062096.7741935484,946744.2112295317,6584,0.2257,136
diff3,3,140,1006,0.001492,0.0009,0.000592,1117777.7777777778,674356.731253818,1005,0.2257,137
diff3,3,141,10477,0.010222,0.0094,0.000822,1114574.4680851062,1024983.7986383395,10476,0.2257,138
diff3,3,142,1810,0.002573,0.0017,0.000873,1064705.8823529412,703584.2214777395,1809,0.2257,139
diff3,3,143,646,0.001284,0.0006,0.000684,1076666.6666666667,503147.83712188184,645,0.2257,140
diff3,3,144,638,0.001157,0.0006,0.000557,1063333.3333333335,551584.8484963406,637,0.2257,141
diff3,3,145,112,0.000727,0.0001,0.000627,1120000.0,154110.7415569071,111,0.2257,142
diff3,3,146,9152,0.009458,0.0086,0.000858,1064186.046511628,967680.4944246324,9151,0.2257,143
diff3,3,147,1994,0.002738,0.0019,0.000838,1049473.6842105263,728357.407749322,1993,0.2257,144
diff3,3,148,1446,0.001993,0.0014,0.000593,1032857.1428571428,725402.8491117366,1445,0.2257,145
diff3,3,149,2250,0.002416,0.0019,0.000516,1184210.5263157894,931419.7480899425,2249,0.2257,146
diff3,3,150,1622,0.001889,0.0014,0.000489,1158571.4285714286,858674.4473492154,1621,0.2257,147
diff3,3,151,3664,0.004061,0.0034,0.000661,1077647.0588235294,902268.5644740544,3663,0.2257,148
diff3,3,152,105,0.000715,0.0001,0.000615,1050000.0,146896.08420054175,104,0.2257,149
diff3,3,153,863,0.001321,0.0008,0.000521,1078750.0,653292.9366214212,862,0.2257,150
diff3,3,154,4919,0.005233,0.0046,0.000633,1069347.8260869565,940003.742273224,4918,0.2257,151
diff3,3,155,443,0.001106,0.0004,0.000706,1107500.0,400376.69116436783,442,0.2257,152
diff3,3,156,8065,0.008359,0.0076,0.000759,1061184.2105263157,964770.6232327244,8064,0.2257,153
diff3,3,157,877,0.001503,0.0008,0.000703,1096250.0,583499.6534017749,876,0.2257,154
diff3,3,158,110,0.000755,0.0001,0.000655,1100000.0,145711.37502991664,109,0.2257,155
diff3,3,159,8350,0.00832,0.0076,0.00072,1098684.2105263157,1003595.7682108968,8349,0.2257,156
diff3,3,160,1603,0.002025,0.0014,0.000625,1145000.0,791474.4205557056,1602,0.2257,157
diff3,3,161,770,0.001284,0.0007,0.000584,1100000.0,599688.4743971517,769,0.2257,158
diff3,3,162,354,0.000948,0.0003,0.000648,1180000.0,373417.72120789986,353,0.2257,159
diff3,3,163,14084,0.013294,0.0126,0.000694,1117777.7777777778,1059395.4181340006,14083,0.2257,160
diff3,3,164,6911,0.007636,0.0067,0.000936,1031492.5373134328,905015.5492946478,6910,0.2257,161
diff3,3,165,2484,0.003093,0.0023,0.000793,1080000.0,802995.5736725022,2483,0.2257,162
diff3,3,166,3269,0.003764,0.0031,0.000664,1054516.1290322582,868490.9617992588,3268,0.2257,163
diff3,3,167,3243,0.0034,0.0028,0.0006,1158214.2857142857,953718.3672598423,3242,0.2257,164
diff3,3,168,2735,0.003009,0.0024,0.000609,1139583.3333333335,909053.1375506445,2734,0.2257,165
diff3,3,169,219,0.0008,0.0002,0.0006,1095000.0,273835.58118838974,218,0.2257,166
diff3,3,170,249,0.000738,0.0002,0.000538,1245000.0,337607.8675867399,248,0.2257,167
diff3,3,171,6895,0.006661,0.0061,0.000561,1130327.868852459,1035078.1280932361,6894,0.2257,168
diff3,3,172,3076,0.003672,0.0029,0.000772,1060689.655172414,837662.1050341128,3075,0.2257,169
diff3,3,173,4029,0.004577,0.0039,0.000677,1033076.9230769231,880327.0904717962,4028,0.2257,170
diff3,3,174,5344,0.005894,0.0051,0.000794,1047843.1372549019,906620.5937608095,5343,0.2257,171
diff3,3,175,5940,0.006165,0.0054,0.000765,1100000.0,963562.252002437,5939,0.2257,172
diff3,3,176,853,0.001386,0.0007,0.000686,1218571.4285714286,615310.8759106998,852,0.2257,173
diff3,3,177,5789,0.005739,0.005,0.000739,1157800.0,1008749.0415639129,5788,0.2257,174
diff3,3,178,8897,0.008777,0.008,0.000777,1112125.0,1013667.3637452893,8896,0.2257,175
diff3,3,179,2058,0.002595,0.0019,0.000695,1083157.894736842,793203.5816094318,2057,0.2257,176
diff3,3,180,10930,0.010892,0.0101,0.000792,1082178.2178217822,1003507.9505696155,10929,0.2257,177
diff3,3,181,3223,0.003762,0.003,0.000762,1074333.3333333333,856620.8612774274,3222,0.2257,178
diff3,3,182,4853,0.005037,0.0043,0.000737,1128604.6511627906,963462.2707952614,4852,0.2257,179
diff3,3,183,3096,0.003327,0.0027,0.000627,1146666.6666666665,930626.511117539,3095,0.2257,180
diff3,3,184,835,0.001905,0.0007,0.001205,1192857.142857143,438377.7375596806,834,0.2257,181
diff3,3,185,4897,0.004912,0.0043,0.000612,1138837.2093023255,996971.6006471833,4896,0.2257,182
diff3,3,186,8379,0.00866,0.0079,0.00076,1060632.911392405,967528.7280354432,8378,0.2257,183
diff3,3,187,6440,0.006636,0.0058,0.000836,1110344.827586207,970421.4377712226,6439,0.2257,184
diff3,3,188,920,0.001604,0.0009,0.000704,1022222.2222222222,573655.4783571673,919,0.2257,185
diff3,3,189,356,0.000938,0.0003,0.000638,1186666.6666666667,379615.09309978236,355,0.2257,186
diff3,3,190,8876,0.008456,0.0079,0.000556,1123544.3037974683,1049648.28061952,8875,0.2257,187
diff3,3,191,10541,0.010098,0.0092,0.000898,1145760.8695652175,1043848.4782783856,10540,0.2257,188
diff3,3,192,3945,0.004637,0.0037,0.000937,1066216.216216216,850834.3780787463,3944,0.2257,189
diff3,3,193,1699,0.002387,0.0016,0.000787,1061875.0,711809.3786699573,1698,0.2257,190
diff3,3,194,3529,0.004101,0.0033,0.000801,1069393.9393939395,860495.5835959151,3528,0.2257,191
diff3,3,195,4874,0.005398,0.0047,0.000698,1037021.2765957447,902954.9530236915,4873,0.2257,192
diff3,3,196,2040,0.002617,0.0019,0.000717,1073684.2105263157,779642.4448274061,2039,0.2257,193
diff3,3,197,3097,0.003291,0.0027,0.000591,1147037.037037037,941158.5784032083,3096,0.2257,194
diff3,3,198,12864,0.011396,0.0107,0.000696,1202242.9906542057,1128771.6579242717,12863,0.2257,195
diff3,3,199,1881,0.002308,0.0016,0.000708,1175625.0,814932.3502205376,1880,0.2257,196
diff3,3,200,4013,0.004422,0.0036,0.000822,1114722.2222222222,907533.5933707838,4012,0.2257,197
diff3,3,201,591,0.00128,0.0005,0.00078,1182000.0,461568.3914470604,590,0.2257,198
diff3,3,202,2221,0.002615,0.0019,0.000715,1168947.3684210526,849357.7422756316,2220,0.2257,199
diff3,3,203,4997,0.005289,0.0045,0.000789,1110444.4444444445,944746.4100749231,4996,0.2257,200
diff3,3,204,1755,0.00235,0.0016,0.00075,1096875.0,746715.7476575937,1754,0.2257,201
diff3,3,205,1011,0.001515,0.0009,0.000615,1123333.3333333333,667436.8411851452,1010,0.2257,202
diff3,3,206,3281,0.003667,0.003,0.000667,1093666.6666666667,894635.3952333601,3280,0.2257,203
diff3,3,207,4554,0.004996,0.0042,0.000796,1084285.7142857143,911605.295539411,4553,0.2257,204
diff3,3,208,1645,0.00227,0.0015,0.00077,1096666.6666666667,724549.9369943307,1644,0.2257,205
diff3,3,209,4275,0.004669,0.0039,0.000769,1096153.8461538462,915564.600307685,4274,0.2257,206
diff3,3,210,12985,0.013025,0.012,0.001025,1082083.3333333333,996925.7755377884,12984,0.2257,207
diff3,3,211,1048,0.001889,0.001,0.000889,1048000.0,554778.6014778317,1047,0.2257,208
diff3,3,212,5624,0.006094,0.0053,0.000794,1061132.075471698,922811.8023802725,5623,0.2257,209
diff3,3,213,9321,0.00942,0.0086,0.00082,1083837.2093023255,989468.4823267916,9320,0.2257,210
diff3,3,214,2353,0.003031,0.0022,0.000831,1069545.4545454546,776289.9137727066,2352,0.2257,211
diff3,3,215,335,0.000909,0.0003,0.000609,1116666.6666666667,368401.94137837004,334,0.2257,212
diff3,3,216,7458,0.007824,0.0071,0.000724,1050422.5352112676,953276.6624644585,7457,0.2257,213
diff3,3,217,520,0.00126,0.0005,0.00076,1040000.0,412616.58510341914,519,0.2257,214
diff3,3,218,5427,0.005734,0.005,0.000734,1085400.0,946425.4143828009,5426,0.2257,215
diff3,3,219,2325,0.003009,0.0023,0.000709,1010869.5652173914,772735.3845875266,2324,0.2257,216
diff3,3,220,1929,0.002507,0.0018,0.000707,1071666.6666666667,769445.5532443376,1928,0.2257,217
diff3,3,221,230,0.000817,0.0002,0.000617,1150000.0,281374.1560149471,229,0.2257,218
diff3,3,222,5697,0.005976,0.0053,0.000676,1074905.6603773586,953240.0354623391,5696,0.2257,219
diff3,3,223,425,0.00103,0.0004,0.00063,1062500.0,412771.7056988538,424,0.2257,220
diff3,3,224,6431,0.006646,0.006,0.000646,1071833.3333333333,967637.6340209319,6430,0.2257,221
diff3,3,225,5540,0.005775,0.005,0.000775,1108000.0,959272.8277326107,5539,0.2257,222
diff3,3,226,1014,0.001786,0.001,0.000786,1014000.0,567828.7062703714,1013,0.2257,223
diff3,3,227,11088,0.011416,0.0107,0.000716,1036261.6822429907,971250.6000499876,11087,0.2257,224
diff3,3,228,4749,0.005411,0.0045,0.000911,1055333.3333333335,877629.5503230206,4748,0.2257,225
diff3,3,229,2141,0.002578,0.0018,0.000778,1189444.4444444445,830408.179955389,2140,0.2257,226
diff3,3,230,3024,0.003343,0.0027,0.000643,1120000.0,904520.4501175537,3023,0.2257,227
diff3,3,231,13716,0.012935,0.0121,0.000835,1133553.7190082646,1060389.0664109434,13715,0.2257,228
diff3,3,232,73,0.000919,0.0001,0.000819,730000.0,79448.61871543806,72,0.2257,229
diff3,3,233,4914,0.00545,0.0047,0.00075,1045531.9148936169,901630.6824504278,4913,0.2257,230
diff3,3,234,967,0.001668,0.0009,0.000768,1074444.4444444445,579736.2474247296,966,0.2257,231
diff3,3,235,2330,0.00277,0.0021,0.00067,1109523.8095238097,841218.4059704614,2329,0.2257,232
diff3,3,236,7586,0.007741,0.007,0.000741,1083714.2857142857,979982.0774909473,7585,0.2257,233
diff3,3,237,3593,0.003961,0.0033,0.000661,1088787.878787879,907094.1393177175,3592,0.2257,234
diff3,3,238,4167,0.004807,0.004,0.000807,1041750.0,866898.3572707677,4166,0.2257,235
diff3,3,239,4262,0.004743,0.004,0.000743,1065500.0,898666.3966951342,4261,0.2257,236
diff3,3,240,3378,0.003818,0.0031,0.000718,1089677.4193548388,884698.480942828,3377,0.2257,237
diff3,3,241,507,0.001238,0.0005,0.000738,1014000.0,409628.14850726543,506,0.2257,238
diff3,3,242,7765,0.008284,0.0075,0.000784,1035333.3333333334,937372.6620173382,7764,0.2257,239
diff3,3,243,159,0.000859,0.0002,0.000659,795000.0,185134.9772543355,158,0.2257,240
diff3,3,244,1472,0.002116,0.0015,0.000616,981333.3333333333,695583.4278935012,1471,0.2257,241
diff3,3,245,7181,0.007733,0.0069,0.000833,1040724.6376811594,928637.523197782,7180,0.2257,242
diff3,3,246,3320,0.003699,0.0029,0.000799,1144827.5862068967,897661.1882514863,3319,0.2257,243
diff3,3,247,3077,0.00343,0.0028,0.00063,1098928.5714285714,897204.5769489768,3076,0.2257,244
diff3,3,248,556,0.001122,0.0005,0.000622,1112000.0,495469.88094747544,555,0.2257,245
diff3,3,249,120,0.00067,0.0001,0.00057,1200000.0,179026.7164916332,119,0.2257,246
diff3,3,250,8203,0.008338,0.0077,0.000638,1065324.6753246754,983868.0613072194,8202,0.2257,247
diff3,3,251,7513,0.008444,0.0076,0.000844,988552.6315789474,889739.8754689678,7512,0.2257,248
diff3,3,252,10415,0.010423,0.0095,0.000923,1096315.7894736843,999244.4560062191,10414,0.2257,249
diff3,3,253,3469,0.003869,0.0031,0.000769,1119032.2580645161,896585.1635177174,3468,0.2257,250
diff3,3,254,1043,0.00157,0.0009,0.00067,1158888.888888889,664437.003678865,1042,0.2257,251
diff3,3,255,2769,0.002966,0.0024,0.000566,1153750.0,933633.202188543,2768,0.2257,252
diff3,3,256,8599,0.008816,0.0081,0.000716,1061604.938271605,975348.7158673196,8598,0.2257,253
diff3,3,257,14168,0.013834,0.0129,0.000934,1098294.5736434108,1024131.0488760554,14167,0.2257,254
diff3,3,258,1238,0.001984,0.0011,0.000884,1125454.5454545454,624083.7854126327,1237,0.2257,255
diff3,3,259,267,0.000802,0.0002,0.000602,1335000.0,332727.29510421335,266,0.2257,256
diff3,3,260,534,0.000971,0.0004,0.000571,1335000.0,549736.1798647371,533,0.2257,257
diff3,3,261,3270,0.003444,0.0029,0.000544,1127586.206896552,949350.8113695168,3269,0.2257,258
diff3,3,262,823,0.001361,0.0007,0.000661,1175714.2857142857,604906.4409417746,822,0.2257,259
diff3,3,263,4487,0.004641,0.004,0.000641,1121750.0,966878.3341518122,4486,0.2257,260
diff3,3,264,432,0.001031,0.0004,0.000631,1080000.0,418959.79380438593,431,0.2257,261
diff3,3,265,6069,0.006366,0.0056,0.000766,1083750.0,953352.0301062271,6068,0.2257,262
diff3,3,266,111,0.00082,0.0001,0.00072,1110000.0,135317.64098721364,110,0.2257,263
diff3,3,267,561,0.001106,0.0005,0.000606,1122000.0,507194.7099375973,560,0.2257,264
diff3,3,268,6320,0.006713,0.006,0.000713,1053333.3333333333,941427.6987434784,6319,0.2257,265
diff3,3,269,2847,0.003321,0.0026,0.000721,1095000.0,857357.8841594497,2846,0.2257,266
diff3,3,270,2525,0.002966,0.0023,0.000666,1097826.0869565217,851195.2298875474,2524,0.2257,267
diff3,3,271,9971,0.009168,0.0084,0.000768,1187023.8095238097,1087626.7633007178,9970,0.2257,268
diff3,3,272,630,0.001323,0.0006,0.000723,1050000.0,476355.4357553879,629,0.2257,269
diff3,3,273,2286,0.002672,0.0021,0.000572,1088571.4285714286,855685.5570108416,2285,0.2257,270
diff3,3,274,3930,0.004481,0.0037,0.000781,1062162.1621621621,876971.1900782967,3929,0.2257,271
diff3,3,275,4950,0.005561,0.0048,0.000761,1031250.0000000001,890174.4167361476,4949,0.2257,272
diff3,3,276,5400,0.005877,0.0051,0.000777,1058823.5294117646,918868.823509719,5399,0.2257,273
diff3,3,277,9878,0.009655,0.0089,0.000755,1109887.6404494382,1023114.438456075,9877,0.2257,274
diff3,3,278,3857,0.00424,0.0034,0.00084,1134411.7647058824,909589.361539955,3856,0.2257,275
diff3,3,279,4936,0.005171,0.0045,0.000671,1096888.888888889,954461.970899208,4935,0.2257,276
diff3,3,280,5016,0.005426,0.0046,0.000826,1090434.7826086956,924445.0536336795,5015,0.2257,277
diff3,3,281,6798,0.00734,0.0064,0.00094,1062187.5,926131.8025249863,6797,0.2257,278
diff3,3,282,10438,0.010336,0.0095,0.000836,1098736.8421052631,1009843.9891242608,10437,0.2257,279
diff3,3,283,1308,0.001751,0.0011,0.000651,1189090.909090909,746912.9968509772,1307,0.2257,280
diff3,3,284,16985,0.015751,0.015,0.000751,1132333.3333333335,1078318.551394193,16984,0.2257,281
diff3,3,285,7080,0.007764,0.0068,0.000964,1041176.4705882353,911891.2122791226,7079,0.2257,282
diff3,3,286,11779,0.011315,0.0104,0.000915,1132596.153846154,1041030.4963965086,11778,0.2257,283
diff3,3,287,2745,0.003233,0.0024,0.000833,1143750.0,849089.4570608535,2744,0.2257,284
diff3,3,288,4399,0.004609,0.0039,0.000709,1127948.717948718,954445.6627789472,4398,0.2257,285
diff3,3,289,1354,0.002044,0.0013,0.000744,1041538.4615384616,662399.764579944,1353,0.2257,286
diff3,3,290,4661,0.005127,0.0044,0.000727,1059318.1818181816,909160.4283917334,4660,0.2257,287
diff3,3,291,9409,0.009757,0.009,0.000757,1045444.4444444445,964283.893181905,9408,0.2257,288
diff3,3,292,7965,0.008122,0.0074,0.000722,1076351.3513513512,980634.5445492326,7964,0.2257,289
diff3,3,293,9710,0.009177,0.0084,0.000777,1155952.380952381,1058084.8112808573,9709,0.2257,290
diff3,3,294,210,0.000882,0.0002,0.000682,1050000.0,238117.93974338667,209,0.2257,291
diff3,3,295,3169,0.003539,0.0029,0.000639,1092758.6206896552,895524.353267684,3168,0.2257,292
diff3,3,296,2217,0.00271,0.002,0.00071,1108500.0,818118.952158053,2216,0.2257,293
diff3,3,297,4173,0.004535,0.0038,0.000735,1098157.894736842,920218.6277994676,4172,0.2257,294
diff3,3,298,966,0.001581,0.0009,0.000681,1073333.3333333333,610876.9826463602,965,0.2257,295
diff3,3,299,2217,0.002642,0.002,0.000642,1108500.0,839136.9875374803,2216,0.2257,296
diff3,3,300,626,0.001223,0.0006,0.000623,1043333.3333333334,511821.40364253416,625,0.2257,297
diff3,3,301,1521,0.001985,0.0014,0.000585,1086428.5714285714,766391.6779417495,1520,0.2257,298
diff3,3,302,2451,0.003026,0.0023,0.000726,1065652.1739130435,810024.8619672089,2450,0.2257,299
diff4,4,3,98538,0.082801,0.0815,0.001301,1209055.2147239263,1190056.8833056057,98537,0.1942,0
diff4,4,4,159350,0.129383,0.1281,0.001283,1243950.0390320064,1231615.4517039927,159349,0.1942,1
diff4,4,5,78811,0.06677,0.0654,0.00137,1205061.1620795107,1180334.0120902103,78810,0.1942,2
diff4,4,6,91944,0.07694,0.0756,0.00134,1216190.4761904762,1195003.2749659067,91943,0.1942,3
diff4,4,7,3739,0.00442,0.0033,0.00112,1133030.303030303,845847.9994800254,3738,0.1942,4
diff4,4,8,78701,0.066075,0.0649,0.001175,1212650.2311248074,1191088.8969041733,78700,0.1942,5
diff4,4,9,77187,0.064843,0.0637,0.001143,1211726.8445839873,1190365.209388421,77186,0.1942,6
diff4,4,10,8004,0.007964,0.0069,0.001064,1160000.0,1005080.3865124364,8003,0.1942,7
diff4,4,11,110096,0.092759,0.0917,0.001059,1200610.6870229007,1186901.0344985644,110095,0.1942,8
diff4,4,12,112502,0.093936,0.0925,0.001436,1216237.8378378379,1197648.92750364,112501,0.1942,9
diff4,4,13,177417,0.147941,0.1466,0.001341,1210211.4597544337,1199242.934757331,177416,0.1942,10
diff4,4,14,83107,0.070971,0.0695,0.001471,1195784.1726618705,1171006.9787037962,83106,0.1942,11
diff4,4,15,82542,0.070506,0.0691,0.001406,1194529.6671490595,1170711.6484401785,82541,0.1942,12
diff4,4,16,44500,0.037692,0.0364,0.001292,1222527.4725274725,1180632.3431154513,44499,0.1942,13
diff4,4,17,4217,0.004604,0.0035,0.001104,1204857.1428571427,915868.0622843053,4216,0.1942,14
diff4,4,18,26865,0.023578,0.0224,0.001178,1199330.357142857,1139397.5452638397,26864,0.1942,15
diff4,4,19,45580,0.03929,0.038,0.00129,1199473.6842105263,1160078.1045064016,45579,0.1942,16
diff4,4,20,114449,0.09617,0.0948,0.00137,1207267.9324894515,1190072.7622950582,114448,0.1942,17
diff4,4,21,23859,0.021045,0.0197,0.001345,1211116.7512690355,1133691.0167581309,23858,0.1942,18
diff4,4,22,37830,0.032833,0.0315,0.001333,1200952.3809523808,1152191.53166231,37829,0.1942,19
diff4,4,23,121731,0.102298,0.1009,0.001398,1206451.932606541,1189964.124183718,121730,0.1942,20
diff4,4,24,24543,0.021151,0.0198,0.001351,1239545.4545454544,1160393.5491829454,24542,0.1942,21
diff4,4,25,99440,0.084557,0.0832,0.001357,1195192.3076923077,1176012.0328711974,99439,0.1942,22
diff4,4,26,46427,0.039726,0.0384,0.001326,1209036.4583333335,1168681.6653145545,46426,0.1942,23
diff4,4,27,19502,0.0176,0.0163,0.0013,1196441.717791411,1108039.3550091172,19501,0.1942,24
diff4,4,28,74923,0.064593,0.0634,0.001193,1181750.7886435331,1159918.4525573151,74922,0.1942,25
diff4,4,29,300917,0.254724,0.2536,0.001124,1186581.2302839118,1181347.4226817675,300916,0.1942,26
diff4,4,30,153835,0.128198,0.1269,0.001298,1212253.7431048069,1199981.665960353,153834,0.1942,27
diff4,4,31,89108,0.075631,0.0742,0.001431,1200916.4420485175,1178193.4722906905,89107,0.1942,28
diff4,4,32,6065,0.006343,0.0051,0.001243,1189215.6862745096,956234.8669057825,6064,0.1942,29
diff4,4,33,68161,0.05806,0.0569,0.00116,1197908.611599297,1173967.6147525483,68160,0.1942,30
diff4,4,34,45643,0.038234,0.0368,0.001434,1240298.9130434783,1193776.4981315727,45642,0.1942,31
diff4,4,35,86255,0.072405,0.071,0.001405,1214859.1549295776,1191288.553395534,86254,0.1942,32
diff4,4,36,22761,0.0202,0.019,0.0012,1197947.3684210526,1126779.8843430656,22760,0.1942,33
diff4,4,37,141343,0.117983,0.1167,0.001283,1211165.381319623,1197995.469127698,141342,0.1942,34
diff4,4,38,6641,0.006674,0.0055,0.001174,1207454.5454545454,994987.0137203308,6640,0.1942,35
diff4,4,39,44418,0.037689,0.0366,0.001089,1213606.5573770492,1178537.532348527,44417,0.1942,36
diff4,4,40,23666,0.022103,0.0207,0.001403,1143285.0241545893,1070696.214457243,23665,0.1942,37
diff4,4,41,75441,0.064436,0.0632,0.001236,1193686.7088607594,1170789.6193765537,75440,0.1942,38
diff4,4,42,74012,0.062716,0.0614,0.001316,1205407.1661237783,1180122.9337166385,74011,0.1942,39
diff4,4,43,172430,0.143294,0.1419,0.001394,1215151.5151515151,1203334.4135225385,172429,0.1942,40
diff4,4,44,5376,0.005919,0.0048,0.001119,1120000.0,908267.8339340725,5375,0.1942,41
diff4,4,45,14295,0.013118,0.0121,0.001018,1181404.958677686,1089755.183710633,14294,0.1942,42
diff4,4,46,13466,0.012382,0.0113,0.001082,1191681.4159292036,1087509.8145460887,13465,0.1942,43
diff4,4,47,24911,0.021616,0.0204,0.001216,1221127.450980392,1152453.3814213648,24910,0.1942,44
diff4,4,48,202800,0.170326,0.169,0.001326,1200000.0,1190656.747282274,202799,0.1942,45
diff4,4,49,85925,0.072999,0.0716,0.001399,1200069.8324022347,1177068.9051438947,85924,0.1942,46
diff4,4,50,61718,0.054214,0.0528,0.001414,1168901.5151515151,1138411.8061833447,61717,0.1942,47
diff4,4,51,77341,0.066173,0.0648,0.001373,1193533.950617284,1168773.411748183,77340,0.1942,48
diff4,4,52,415675,0.342802,0.3413,0.001502,1217916.7887489013,1212580.8822877721,415674,0.1942,49
diff4,4,53,7136,0.007271,0.006,0.001271,1189333.3333333333,981399.3452037335,7135,0.1942,50
diff4,4,54,123220,0.103541,0.1025,0.001041,1202146.3414634147,1190060.4466806652,123219,0.1942,51
diff4,4,55,16933,0.015936,0.0147,0.001236,1151904.761904762,1062554.4273258867,16932,0.1942,52
diff4,4,56,3970,0.004676,0.0035,0.001176,1134285.7142857143,849038.9163266689,3969,0.1942,53
diff4,4,57,15905,0.014299,0.0132,0.001099,1204924.2424242424,1112312.3473758732,15904,0.1942,54
diff4,4,58,14862,0.014021,0.0129,0.001121,1152093.0232558139,1060012.9727631693,14861,0.1942,55
diff4,4,59,54038,0.04546,0.0443,0.00116,1219819.4130925508,1188682.479174232,54037,0.1942,56
diff4,4,60,60464,0.051714,0.0505,0.001214,1197306.9306930692,1169189.474180389,60463,0.1942,57
diff4,4,61,4671,0.005227,0.0041,0.001127,1139268.2926829266,893671.9485985861,4670,0.1942,58
diff4,4,62,70806,0.060494,0.0594,0.001094,1192020.202020202,1170472.068387991,70805,0.1942,59
diff4,4,63,7542,0.007742,0.0066,0.001142,1142727.2727272727,974193.0683002181,7541,0.1942,60
diff4,4,64,38225,0.032944,0.0318,0.001144,1202044.0251572325,1160302.3361442678,38224,0.1942,61
diff4,4,65,3400,0.003992,0.003,0.000992,1133333.3333333333,851765.477565086,3399,0.1942,62
diff4,4,66,39445,0.033227,0.0323,0.000927,1221207.4303405571,1187134.0000576698,39444,0.1942,63
diff4,4,67,29574,0.024924,0.0237,0.001224,1247848.1012658228,1186553.2631541817,29573,0.1942,64
diff4,4,68,31006,0.027769,0.0264,0.001369,1174469.696969697,1116570.481980903,31005,0.1942,65
diff4,4,69,108096,0.092213,0.091,0.001213,1187868.131868132,1172248.881015147,108095,0.1942,66
diff4,4,70,91840,0.076907,0.0756,0.001307,1214814.8148148148,1194171.5222415447,91839,0.1942,67
diff4,4,71,26794,0.023614,0.0224,0.001214,1196160.7142857143,1134645.8476029949,26793,0.1942,68
diff4,4,72,69026,0.057924,0.0566,0.001324,1219540.6360424028,1191673.4984030845,69025,0.1942,69
diff4,4,73,58802,0.050132,0.0489,0.001232,1202494.8875255624,1172953.1831950163,58801,0.1942,70
diff4,4,74,7288,0.007534,0.0063,0.001234,1156825.396825397,967380.1187818109,7287,0.1942,71
diff4,4,75,47425,0.040958,0.0399,0.001058,1188596.4912280703,1157894.6399770477,47424,0.1942,72
diff4,4,76,38153,0.032846,0.0316,0.001246,1207373.4177215188,1161586.9307826029,38152,0.1942,73
diff4,4,77,45150,0.038482,0.0372,0.001282,1213709.677419355,1173274.56422623,45149,0.1942,74
diff4,4,78,4315,0.004642,0.0036,0.001042,1198611.1111111112,929606.3115371643,4314,0.1942,75
diff4,4,79,15115,0.013662,0.0126,0.001062,1199603.1746031747,1106336.5368453653,15114,0.1942,76
diff4,4,80,31598,0.027,0.0258,0.0012,1224728.6821705427,1170294.5099550039,31597,0.1942,77
diff4,4,81,55164,0.047144,0.0458,0.001344,1204454.1484716157,1170124.3359912,55163,0.1942,78
diff4,4,82,44579,0.038543,0.0373,0.001243,1195147.4530831098,1156618.0587230835,44578,0.1942,79
diff4,4,83,24188,0.020726,0.0195,0.001226,1240410.2564102565,1167022.4945619546,24187,0.1942,80
diff4,4,84,96128,0.082,0.0808,0.0012,1189702.9702970297,1172289.708066345,96127,0.1942,81
diff4,4,85,102511,0.084661,0.0834,0.001261,1229148.6810551558,1210836.7213908497,102510,0.1942,82
diff4,4,86,17397,0.016609,0.0152,0.001409,1144539.4736842106,1047467.8096692885,17396,0.1942,83
diff4,4,87,19046,0.017054,0.0157,0.001354,1213121.0191082803,1116827.2495814932,19045,0.1942,84
diff4,4,88,30235,0.026639,0.0255,0.001139,1185686.274509804,1135000.7044205635,30234,0.1942,85
diff4,4,89,43132,0.037789,0.0364,0.001389,1184945.054945055,1141386.576301262,43131,0.1942,86
diff4,4,90,96687,0.081971,0.0806,0.001371,1199590.570719603,1179528.0993145737,96686,0.1942,87
diff4,4,91,7365,0.007732,0.0065,0.001232,1133076.9230769232,952509.281434174,7364,0.1942,88
diff4,4,92,39769,0.033716,0.0324,0.001316,1227438.2716049384,1179530.4760411575,39768,0.1942,89
diff4,4,93,5851,0.006353,0.0052,0.001153,1125192.3076923077,920951.9117338129,5850,0.1942,90
diff4,4,94,11404,0.010313,0.0094,0.000913,1213191.489361702,1105784.3097028236,11403,0.1942,91
diff4,4,95,56806,0.047585,0.0464,0.001185,1224267.2413793104,1193770.147008487,56805,0.1942,92
diff4,4,96,50035,0.043343,0.042,0.001343,1191309.5238095238,1154391.9086966584,50034,0.1942,93
diff4,4,97,30705,0.026479,0.0252,0.001279,1218452.3809523808,1159614.5888571087,30704,0.1942,94
diff4,4,98,23339,0.020614,0.0193,0.001314,1209274.6113989637,1132187.1598600592,23338,0.1942,95
diff4,4,99,11149,0.010118,0.009,0.001118,1238777.777777778,1101920.381253308,11148,0.1942,96
diff4,4,100,100597,0.084809,0.0837,0.001109,1201875.7467144565,1186159.4891138312,100596,0.1942,97
diff4,4,101,3835,0.004215,0.0032,0.001015,1198437.5,909935.5672305849,3834,0.1942,98
diff4,4,102,225600,0.188061,0.187,0.001061,1206417.1122994653,1199613.1567214648,225599,0.1942,99
diff4,4,103,126718,0.106805,0.1055,0.001305,1201118.4834123224,1186446.7491046519,126717,0.1942,100
diff4,4,104,26856,0.024051,0.0227,0.001351,1183083.7004405286,1116634.8685706048,26855,0.1942,101
diff4,4,105,38294,0.033192,0.0319,0.001292,1200438.8714733543,1153704.5067193583,38293,0.1942,102
diff4,4,106,11549,0.011167,0.01,0.001167,1154900.0,1034231.0889621458,11548,0.1942,103
diff4,4,107,95945,0.081126,0.0798,0.001326,1202318.2957393485,1182671.326126722,95944,0.1942,104
diff4,4,108,37042,0.032425,0.0311,0.001325,1191061.0932475885,1142372.5159215434,37041,0.1942,105
diff4,4,109,4960,0.005375,0.0043,0.001075,1153488.3720930233,922855.1070302954,4959,0.1942,106
diff4,4,110,85278,0.073863,0.0728,0.001063,1171401.0989010988,1154546.1394482509,85277,0.1942,107
diff4,4,111,35352,0.032179,0.0309,0.001279,1144077.6699029126,1098603.246227494,35351,0.1942,108
diff4,4,112,134462,0.114686,0.1135,0.001186,1184687.2246696034,1172435.1937544215,134461,0.1942,109
diff4,4,113,83524,0.069768,0.0685,0.001268,1219328.4671532845,1197172.0480827838,83523,0.1942,110
diff4,4,114,2857,0.003161,0.0022,0.000961,1298636.3636363635,903732.6873685633,2856,0.1942,111
diff4,4,115,8223,0.007286,0.0066,0.000686,1245909.0909090908,1128641.525431405,8222,0.1942,112
diff4,4,116,11926,0.010173,0.0095,0.000673,1255368.4210526317,1172270.8390756703,11925,0.1942,113
diff4,4,117,66770,0.054694,0.0537,0.000994,1243389.1992551212,1220787.3985093897,66769,0.1942,114
diff4,4,118,39792,0.032878,0.0316,0.001278,1259240.5063291139,1210275.7361233758,39791,0.1942,115
diff4,4,119,24240,0.020526,0.0193,0.001226,1255958.5492227979,1180955.6285819374,24239,0.1942,116
diff4,4,120,45438,0.038188,0.037,0.001188,1228054.0540540542,1189842.4242033272,45437,0.1942,117
diff4,4,121,375634,0.305548,0.3043,0.001248,1234419.9802826159,1229378.5379893254,375633,0.1942,118
diff4,4,122,33718,0.027505,0.0265,0.001005,1272377.358490566,1225865.7855360326,33717,0.1942,119
diff4,4,123,4345,0.004209,0.0035,0.000709,1241428.5714285714,1032281.0685884664,4344,0.1942,120
diff4,4,124,193343,0.151844,0.1509,0.000944,1281265.7388999336,1273302.6777055627,193342,0.1942,121
diff4,4,125,114104,0.092625,0.0912,0.001425,1251140.350877193,1231886.5066468383,114103,0.1942,122
diff4,4,126,24619,0.021559,0.0203,0.001259,1212758.6206896552,1141962.5601957848,24618,0.1942,123
diff4,4,127,81394,0.068376,0.0671,0.001276,1213025.335320417,1190394.2523846785,81393,0.1942,124
diff4,4,128,47112,0.03897,0.0378,0.00117,1246349.2063492064,1208932.5212588185,47111,0.1942,125
diff4,4,129,60575,0.050904,0.0497,0.001204,1218812.8772635814,1189973.385442781,60574,0.1942,126
diff4,4,130,18141,0.016046,0.0149,0.001146,1217516.7785234898,1130573.8179182576,18140,0.1942,127
diff4,4,131,112777,0.095711,0.0945,0.001211,1193407.4074074074,1178305.5694245473,112776,0.1942,128
diff4,4,132,212324,0.17961,0.1783,0.00131,1190824.4531688166,1182137.9804237199,212323,0.1942,129
diff4,4,133,96352,0.079636,0.0784,0.001236,1228979.5918367347,1209905.6927060133,96351,0.1942,130
diff4,4,134,27163,0.02303,0.0218,0.00123,1246009.1743119266,1179465.8744577442,27162,0.1942,131
diff4,4,135,37009,0.030837,0.0298,0.001037,1241912.7516778524,1200147.5359006703,37008,0.1942,132
diff4,4,136,101660,0.083498,0.0824,0.001098,1233737.8640776698,1217509.949193278,101659,0.1942,133
diff4,4,137,68684,0.0565,0.0554,0.0011,1239783.3935018051,1215651.3940935072,68683,0.1942,134
diff4,4,138,100210,0.083291,0.0821,0.001191,1220584.6528623628,1203132.4049398354,100209,0.1942,135
diff4,4,139,81452,0.067337,0.0662,0.001137,1230392.749244713,1209612.80530449,81451,0.1942,136
diff4,4,140,67760,0.056646,0.0555,0.001146,1220900.9009009008,1196201.8546296798,67759,0.1942,137
diff4,4,141,35488,0.029947,0.0287,0.001247,1236515.6794425086,1185038.3939918086,35487,0.1942,138
diff4,4,142,7100,0.006781,0.0058,0.000981,1224137.9310344828,1047068.8510774475,7099,0.1942,139
diff4,4,143,5804,0.005475,0.0047,0.000775,1234893.6170212766,1060163.908089605,5803,0.1942,140
diff4,4,144,103573,0.08513,0.0841,0.00103,1231545.7788347206,1216651.6759500206,103572,0.1942,141
diff4,4,145,48539,0.041904,0.0405,0.001404,1198493.8271604937,1158339.2618818062,48538,0.1942,142
diff4,4,146,81547,0.069569,0.0682,0.001369,1195703.8123167155,1172172.9907127025,81546,0.1942,143
diff4,4,147,2704,0.0033,0.0022,0.0011,1229090.909090909,819280.2431588505,2703,0.1942,144
diff4,4,148,83359,0.067547,0.0666,0.000947,1251636.6366366365,1234085.0407281192,83358,0.1942,145
diff4,4,149,122013,0.10119,0.1,0.00119,1220130.0,1205776.2366165137,122012,0.1942,146
diff4,4,150,3579,0.004034,0.0029,0.001134,1234137.9310344828,887254.4598044272,3578,0.1942,147
diff4,4,151,65592,0.055624,0.0547,0.000924,1199122.4862888483,1179202.3522844168,65591,0.1942,148
diff4,4,152,67280,0.056241,0.0549,0.001341,1225500.9107468124,1196270.5508333389,67279,0.1942,149
diff4,4,153,63618,0.052635,0.0513,0.001335,1240116.9590643274,1208671.080438106,63617,0.1942,150
diff4,4,154,13337,0.011936,0.0108,0.001136,1234907.4074074074,1117368.2382343414,13336,0.1942,151
diff4,4,155,126468,0.107489,0.1063,0.001189,1189727.1872060206,1176569.6408507281,126467,0.1942,152
diff4,4,156,100153,0.083677,0.0823,0.001377,1216925.880923451,1196896.4090855774,100152,0.1942,153
diff4,4,157,94369,0.080298,0.0789,0.001398,1196058.3016476552,1175228.0474426802,94368,0.1942,154
diff4,4,158,185998,0.151427,0.1502,0.001227,1238335.5525965379,1228304.8077680783,185997,0.1942,155
diff4,4,159,97181,0.077916,0.0767,0.001216,1267027.3794002607,1247249.4526821808,97180,0.1942,156
diff4,4,160,15965,0.013948,0.0127,0.001248,1257086.6141732284,1144601.6455899281,15964,0.1942,157
diff4,4,161,81127,0.068696,0.0675,0.001196,1201881.4814814813,1180960.9789780339,81126,0.1942,158
diff4,4,162,53041,0.044236,0.043,0.001236,1233511.6279069767,1199039.2497852095,53040,0.1942,159
diff4,4,163,86096,0.073649,0.0724,0.001249,1189171.270718232,1169004.3290756592,86095,0.1942,160
diff4,4,164,11320,0.010617,0.0095,0.001117,1191578.9473684211,1066197.8852922304,11319,0.1942,161
diff4,4,165,23322,0.020375,0.0194,0.000975,1202164.9484536082,1144628.6539634548,23321,0.1942,162
diff4,4,166,54946,0.045951,0.0448,0.001151,1226473.2142857143,1195740.0562494693,54945,0.1942,163
diff4,4,167,26792,0.023645,0.0224,0.001245,1196071.4285714286,1133115.6324905886,26791,0.1942,164
diff4,4,168,159262,0.131191,0.13,0.001191,1225092.3076923077,1213968.5455663672,159261,0.1942,165
diff4,4,169,132711,0.1083,0.107,0.0013,1240289.7196261683,1225397.4183768644,132710,0.1942,166
diff4,4,170,27044,0.023436,0.0222,0.001236,1218198.198198198,1153951.1925037433,27043,0.1942,167
diff4,4,171,41507,0.034899,0.0338,0.001099,1228017.75147929,1189330.79734174,41506,0.1942,168
diff4,4,172,51767,0.043178,0.0421,0.001078,1229619.9524940618,1198910.3310592524,51766,0.1942,169
diff4,4,173,49223,0.041032,0.0399,0.001132,1233659.1478696743,1199629.5713089197,49222,0.1942,170
diff4,4,174,4042,0.004348,0.0034,0.000948,1188823.5294117648,929614.093813055,4041,0.1942,171
diff4,4,175,171624,0.142477,0.1415,0.000977,1212890.4593639576,1204575.1284332324,171623,0.1942,172
diff4,4,176,30114,0.025913,0.0247,0.001213,1219190.2834008096,1162119.4051807688,30113,0.1942,173
diff4,4,177,54245,0.045781,0.0446,0.001181,1216255.6053811659,1184876.953180856,54244,0.1942,174
diff4,4,178,80814,0.069246,0.0681,0.001146,1186696.035242291,1167057.2887060677,80813,0.1942,175
diff4,4,179,268114,0.220549,0.2193,0.001249,1222590.059279526,1215668.653442583,268113,0.1942,176
diff4,4,180,2069,0.002881,0.0017,0.001181,1217058.8235294118,718080.8657211999,2068,0.1942,177
diff4,4,181,29534,0.026127,0.0249,0.001227,1186104.4176706828,1130415.9112152779,29533,0.1942,178
diff4,4,182,44564,0.039588,0.0382,0.001388,1166596.8586387436,1125700.602353043,44563,0.1942,179
diff4,4,183,3019,0.003778,0.0026,0.001178,1161153.8461538462,799161.8352703694,3018,0.1942,180
diff4,4,184,19282,0.01759,0.0161,0.00149,1197639.751552795,1096188.4020499373,19281,0.1942,181
diff4,4,185,36561,0.034587,0.0333,0.001287,1097927.9279279278,1057078.5681165804,36560,0.1942,182
diff4,4,186,94032,0.081236,0.0799,0.001336,1176871.0888610764,1157516.970068312,94031,0.1942,183
diff4,4,187,41377,0.03593,0.0346,0.00133,1195867.0520231214,1151596.3262225257,41376,0.1942,184
diff4,4,188,55215,0.047524,0.0462,0.001324,1195129.8701298703,1161834.019425201,55214,0.1942,185
diff4,4,189,82632,0.068225,0.0668,0.001425,1237005.988023952,1211160.05117463,82631,0.1942,186
diff4,4,190,123951,0.101342,0.1001,0.001242,1238271.7282717284,1223097.5591731176,123950,0.1942,187
diff4,4,191,75766,0.062413,0.0612,0.001213,1238006.5359477124,1213942.5603410595,75765,0.1942,188
diff4,4,192,105885,0.084423,0.0831,0.001323,1274187.725631769,1254219.2129299366,105884,0.1942,189
diff4,4,193,4428,0.004737,0.0035,0.001237,1265142.857142857,934826.4637106379,4427,0.1942,190
diff4,4,194,868,0.001566,0.0007,0.000866,1240000.0,554322.6560109151,867,0.1942,191
diff4,4,195,1635,0.001978,0.0013,0.000678,1257692.3076923077,826418.7124654241,1634,0.1942,192
diff4,4,196,5269,0.005079,0.0043,0.000779,1225348.8372093022,1037434.4724279832,5268,0.1942,193
diff4,4,197,17597,0.015058,0.0141,0.000958,1248014.184397163,1168624.3849695672,17596,0.1942,194
diff4,4,198,3766,0.004068,0.003,0.001068,1255333.3333333333,925667.1554809343,3765,0.1942,195
diff4,4,199,349449,0.28254,0.2814,0.00114,1241823.0277185503,1236813.7646275559,349448,0.1942,196
diff4,4,200,67659,0.055382,0.0541,0.001282,1250628.4658040665,1221681.280674447,67658,0.1942,197
diff4,4,201,737,0.001801,0.0007,0.001101,1052857.142857143,409141.4696139138,736,0.1942,198
diff4,4,202,105137,0.085275,0.0842,0.001075,1248657.9572446556,1232910.408853907,105136,0.1942,199
diff4,4,203,24997,0.021055,0.0199,0.001155,1256130.6532663316,1187216.8796547966,24996,0.1942,200
diff4,4,204,37740,0.032125,0.031,0.001125,1217419.3548387096,1174801.2365213588,37739,0.1942,201
diff4,4,205,84191,0.071917,0.0706,0.001317,1192507.0821529746,1170675.0676938982,84190,0.1942,202
diff4,4,206,3633,0.004014,0.003,0.001014,1211000.0,905072.7481639257,3632,0.1942,203
diff4,4,207,175417,0.143092,0.142,0.001092,1235330.985915493,1225906.4755242877,175416,0.1942,204
diff4,4,208,195442,0.158744,0.1574,0.001344,1241689.961880559,1231178.5296504945,195441,0.1942,205
diff4,4,209,89163,0.073693,0.0724,0.001293,1231533.1491712707,1209918.1275780494,89162,0.1942,206
diff4,4,210,152501,0.125859,0.1245,0.001359,1224907.6305220884,1211680.5277367095,152500,0.1942,207
diff4,4,211,13474,0.012671,0.0114,0.001271,1181929.8245614034,1063387.0785117452,13473,0.1942,208
diff4,4,212,451580,0.363372,0.3621,0.001272,1247114.056890362,1242749.9045274407,451579,0.1942,209
diff4,4,213,69793,0.058381,0.057,0.001381,1224438.596491228,1195477.1139451426,69792,0.1942,210
diff4,4,214,171493,0.14224,0.1408,0.00144,1217990.0568181816,1205663.331120035,171492,0.1942,211
diff4,4,215,7029,0.007081,0.006,0.001081,1171500.0,992621.3319646536,7028,0.1942,212
diff4,4,216,86593,0.071423,0.0703,0.001123,1231763.8691322901,1212398.686073477,86592,0.1942,213
diff4,4,217,27249,0.022316,0.0213,0.001016,1279295.7746478873,1221077.2215821242,27248,0.1942,214
diff4,4,218,3684,0.003662,0.0029,0.000762,1270344.827586207,1006133.4906120695,3683,0.1942,215
diff4,4,219,32800,0.027667,0.0268,0.000867,1223880.5970149254,1185529.6429000257,32799,0.1942,216
diff4,4,220,1185,0.001882,0.0009,0.000982,1316666.6666666667,629816.6331241219,1184,0.1942,217
diff4,4,221,41183,0.034226,0.0333,0.000926,1236726.7267267266,1203279.7068528172,41182,0.1942,218
diff4,4,222,14781,0.012956,0.0119,0.001056,1242100.8403361344,1140898.0215961852,14780,0.1942,219
diff4,4,223,21656,0.018279,0.0172,0.001079,1259069.7674418604,1184723.2167037295,21655,0.1942,220
diff4,4,224,36059,0.030088,0.029,0.001088,1243413.793103448,1198431.298852535,36058,0.1942,221
diff4,4,225,15912,0.013884,0.0129,0.000984,1233488.3720930233,1146081.1179980994,15911,0.1942,222
diff4,4,226,12447,0.01087,0.01,0.00087,1244700.0,1145065.0384326149,12446,0.1942,223
diff4,4,227,258130,0.206868,0.2058,0.001068,1254275.9961127308,1247802.0375606138,258129,0.1942,224
diff4,4,228,115502,0.097254,0.0958,0.001454,1205657.6200417536,1187630.8596303263,115501,0.1942,225
diff4,4,229,59887,0.049889,0.0485,0.001389,1234783.5051546392,1200405.8872834886,59886,0.1942,226
diff4,4,230,14420,0.012858,0.0116,0.001258,1243103.4482758623,1121440.8362309528,14419,0.1942,227
diff4,4,231,17801,0.015306,0.0142,0.001106,1253591.5492957747,1163011.0920703155,17800,0.1942,228
diff4,4,232,37264,0.030381,0.0295,0.000881,1263186.4406779662,1226539.240097557,37263,0.1942,229
diff4,4,233,60801,0.04829,0.0474,0.00089,1282721.5189873418,1259070.7796049905,60800,0.1942,230
diff4,4,234,47453,0.038185,0.0374,0.000785,1268796.7914438501,1242706.342189209,47452,0.1942,231
diff4,4,235,116998,0.095731,0.0947,0.001031,1235459.3453009503,1222151.0865784404,116997,0.1942,232
diff4,4,236,3262,0.003713,0.0027,0.001013,1208148.148148148,878643.2295186146,3261,0.1942,233
diff4,4,237,52337,0.042693,0.0418,0.000893,1252081.3397129187,1225881.0672313261,52336,0.1942,234
diff4,4,238,105674,0.089372,0.0881,0.001272,1199477.866061294,1182402.8149448896,105673,0.1942,235
diff4,4,239,41371,0.034538,0.0332,0.001338,1246114.4578313252,1197825.6261113624,41370,0.1942,236
diff4,4,240,35320,0.029479,0.0282,0.001279,1252482.2695035462,1198151.212292444,35319,0.1942,237
diff4,4,241,64317,0.053181,0.052,0.001181,1236865.3846153847,1209395.2540505633,64316,0.1942,238
diff4,4,242,70183,0.058494,0.0574,0.001094,1222700.3484320557,1199823.0436323008,70182,0.1942,239
diff4,4,243,2363,0.002943,0.0019,0.001043,1243684.2105263157,802944.8504484114,2362,0.1942,240
diff4,4,244,31658,0.026933,0.026,0.000933,1217615.3846153847,1175442.6271866392,31657,0.1942,241
diff4,4,245,61280,0.050667,0.0496,0.001067,1235483.870967742,1209467.7057293039,61279,0.1942,242
diff4,4,246,4699,0.004892,0.0038,0.001092,1236578.9473684211,960498.7367681427,4698,0.1942,243
diff4,4,247,169606,0.138721,0.1375,0.001221,1233498.1818181816,1222641.49852382,169605,0.1942,244
diff4,4,248,10120,0.009501,0.0084,0.001101,1204761.9047619049,1065137.0271679475,10119,0.1942,245
diff4,4,249,3061,0.003409,0.0024,0.001009,1275416.6666666667,897983.1175540129,3060,0.1942,246
diff4,4,250,14701,0.013257,0.0122,0.001057,1205000.0,1108958.4590425515,14700,0.1942,247
diff4,4,251,96178,0.081499,0.0801,0.001399,1200724.0948813981,1180113.8587124748,96177,0.1942,248
diff4,4,252,105495,0.087016,0.0855,0.001516,1233859.649122807,1212360.3312257861,105494,0.1942,249
diff4,4,253,82254,0.070121,0.0688,0.001321,1195552.3255813953,1173023.2019759084,82253,0.1942,250
diff4,4,254,83903,0.070702,0.0695,0.001202,1207237.4100719423,1186717.44342279,83902,0.1942,251
diff4,4,255,19773,0.016912,0.0158,0.001112,1251455.6962025315,1169184.20895673,19772,0.1942,252
diff4,4,256,38619,0.031971,0.0311,0.000871,1241768.4887459807,1207930.5483658095,38618,0.1942,253
diff4,4,257,67894,0.055996,0.0551,0.000896,1232196.0072595282,1212487.5832095665,67893,0.1942,254
diff4,4,258,12146,0.011084,0.0099,0.001184,1226868.6868686867,1095797.3852782403,12145,0.1942,255
diff4,4,259,54545,0.044626,0.0435,0.001126,1253908.0459770116,1222266.101651698,54544,0.1942,256
diff4,4,260,79506,0.063722,0.0626,0.001122,1270063.8977635782,1247700.95116874,79505,0.1942,257
diff4,4,261,1104,0.00183,0.0009,0.00093,1226666.6666666667,603168.9603883367,1103,0.1942,258
diff4,4,262,23556,0.019823,0.0189,0.000923,1246349.2063492064,1188331.5882412782,23555,0.1942,259
diff4,4,263,92220,0.075222,0.0739,0.001322,1247902.5710419486,1225969.0874984444,92219,0.1942,260
diff4,4,264,9227,0.00905,0.0078,0.00125,1182948.717948718,1019558.0118051568,9226,0.1942,261
diff4,4,265,28153,0.024821,0.0236,0.001221,1192923.7288135593,1134241.169456593,28152,0.1942,262
diff4,4,266,36758,0.03103,0.0297,0.00133,1237643.0976430976,1184582.8440049398,36757,0.1942,263
diff4,4,267,37857,0.033019,0.0316,0.001419,1198006.329113924,1146514.448973138,37856,0.1942,264
diff4,4,268,54587,0.046522,0.0452,0.001322,1207676.9911504425,1173365.1452513132,54586,0.1942,265
diff4,4,269,164057,0.135304,0.1339,0.001404,1225220.3136669158,1212506.2740733274,164056,0.1942,266
diff4,4,270,20377,0.018793,0.0174,0.001393,1171091.9540229887,1084269.849043917,20376,0.1942,267
diff4,4,271,104977,0.087951,0.0864,0.001551,1215011.574074074,1193588.456887742,104976,0.1942,268
diff4,4,272,70972,0.059473,0.0579,0.001573,1225768.5664939552,1193349.0642796159,70971,0.1942,269
diff4,4,273,33808,0.029877,0.0283,0.001577,1194628.9752650177,1131560.1708285352,33807,0.1942,270
diff4,4,274,8814,0.008829,0.0074,0.001429,1191081.081081081,998334.0743937105,8813,0.1942,271
diff4,4,275,19926,0.018328,0.0169,0.001428,1179053.2544378699,1087171.6760102448,19925,0.1942,272
diff4,4,276,55013,0.046548,0.0451,0.001448,1219800.44345898,1181855.2873561606,55012,0.1942,273
diff4,4,277,10499,0.009913,0.0086,0.001313,1220813.953488372,1059087.573531725,10498,0.1942,274
diff4,4,278,7395,0.00754,0.0062,0.00134,1192741.935483871,980747.4986906655,7394,0.1942,275
diff4,4,279,42375,0.036519,0.035,0.001519,1210714.2857142857,1160369.4333849016,42374,0.1942,276
diff4,4,280,66324,0.062981,0.0613,0.001681,1081957.585644372,1053078.8160362772,66323,0.1942,277
diff4,4,281,120513,0.101366,0.0998,0.001566,1207545.0901803607,1188891.2320378227,120512,0.1942,278
diff4,4,282,308481,0.253269,0.252,0.001269,1224130.9523809524,1217997.6679142714,308480,0.1942,279
diff4,4,283,126792,0.107619,0.1061,0.001519,1195023.56267672,1178157.6433769348,126791,0.1942,280
diff4,4,284,84643,0.072781,0.0713,0.001481,1187138.8499298738,1162983.4392038118,84642,0.1942,281
diff4,4,285,81895,0.069548,0.0682,0.001348,1200806.4516129033,1177529.9453167345,81894,0.1942,282
diff4,4,286,168855,0.138487,0.137,0.001487,1232518.2481751824,1219285.9529971273,168854,0.1942,283
diff4,4,287,142404,0.126684,0.1253,0.001384,1136504.3894652834,1124091.9743602856,142403,0.1942,284
diff4,4,288,130343,0.108438,0.1071,0.001338,1217021.4752567695,1202008.534883654,130342,0.1942,285
diff4,4,289,9417,0.00908,0.008,0.00108,1177125.0,1037071.6978102054,9416,0.1942,286
diff4,4,290,112550,0.094294,0.0932,0.001094,1207618.025751073,1193608.2782949642,112549,0.1942,287
diff4,4,291,8952,0.00889,0.0077,0.00119,1162597.4025974025,1007016.5971718291,8951,0.1942,288
diff4,4,292,38493,0.032707,0.0315,0.001207,1222000.0,1176892.0491741118,38492,0.1942,289
diff4,4,293,20499,0.018107,0.0169,0.001207,1212958.579881657,1132119.2385653108,20498,0.1942,290
diff4,4,294,424123,0.339567,0.3385,0.001067,1252948.3013293943,1249010.931452071,424122,0.1942,291
diff4,4,295,38948,0.031344,0.0303,0.001044,1285412.5412541253,1242596.593051417,38947,0.1942,292
diff4,4,296,6714,0.006191,0.0053,0.000891,1266792.4528301887,1084470.106863463,6713,0.1942,293
diff4,4,297,2847,0.003067,0.0023,0.000767,1237826.0869565217,928180.5668028069,2846,0.1942,294
diff4,4,298,201811,0.158125,0.1574,0.000725,1282153.74841169,1276273.4200473896,201810,0.1942,295
diff4,4,299,47739,0.037485,0.0368,0.000685,1297255.4347826086,1273548.0282554538,47738,0.1942,296
diff4,4,300,44153,0.035599,0.0348,0.000799,1268764.367816092,1240277.474376187,44152,0.1942,297
diff4,4,301,33988,0.02733,0.0265,0.00083,1282566.0377358492,1243624.5382163315,33987,0.1942,298
diff4,4,302,36857,0.030042,0.0293,0.000742,1257918.0887372014,1226840.544387398,36856,0.1942,299
diff5,5,3,1861672,1.421606,1.4204,0.001206,1310667.4176288368,1309555.4922076738,1861671,0.4429,0
diff5,5,4,2473205,1.884941,1.8837,0.001241,1312950.5759940543,1312085.9867050936,2473204,0.4429,1
diff5,5,5,1790855,1.427549,1.4263,0.001249,1255594.8958844563,1254496.6357089733,1790854,0.4429,2
diff5,5,6,793400,0.615519,0.6144,0.001119,1291341.1458333335,1288992.9046434264,793399,0.4429,3
diff5,5,7,2817957,2.1722,2.1711,0.0011,1297939.75404173,1297282.7771878392,2817956,0.4429,4
diff5,5,8,370054,0.28124,0.2801,0.00114,1321149.5894323455,1315794.1469028837,370053,0.4429,5
diff5,5,9,864165,0.67012,0.6691,0.00102,1291533.4030787623,1289566.6567547654,864164,0.4429,6
diff5,5,10,994604,0.762513,0.7615,0.001013,1306111.6217990809,1304375.8086442861,994603,0.4429,7
diff5,5,11,2242959,1.717166,1.716,0.001166,1307085.6643356644,1306198.4996746327,2242958,0.4429,8
diff5,5,12,388035,0.305452,0.3042,0.001252,1275591.7159763312,1270363.0901456042,388034,0.4429,9
diff5,5,13,113237,0.088169,0.0869,0.001269,1303072.49712313,1284314.5734764636,113236,0.4429,10
diff5,5,14,743020,0.592273,0.5909,0.001373,1257437.8067354884,1254523.0055620933,743019,0.4429,11
diff5,5,15,918069,0.706073,0.7048,0.001273,1302595.062429058,1300246.1148330348,918068,0.4429,12
diff5,5,16,3251728,2.667687,2.6664,0.001287,1219519.9519951995,1218931.8347011996,3251727,0.4429,13
diff5,5,17,899145,0.744895,0.7434,0.001495,1209503.631961259,1207076.6382064123,899144,0.4429,14
diff5,5,18,1210216,1.003607,1.0023,0.001307,1207438.890551731,1205866.9396819435,1210215,0.4429,15
diff5,5,19,604267,0.516202,0.5147,0.001502,1174017.874489994,1170602.0067025966,604266,0.4429,16
diff5,5,20,234150,0.196271,0.1949,0.001371,1201385.3258081067,1192994.625223971,234149,0.4429,17
diff5,5,21,4843408,4.122044,4.1206,0.001444,1175413.2893267972,1175001.6116394938,4843407,0.4429,18
diff5,5,22,1056059,0.887807,0.8862,0.001607,1191671.1803204694,1189514.776089542,1056058,0.4429,19
diff5,5,23,1228125,1.043471,1.0421,0.001371,1178509.7399481814,1176961.3609948438,1228124,0.4429,20
diff5,5,24,1744132,1.415188,1.4138,0.001388,1233648.323666714,1232438.7022693502,1744131,0.4429,21
diff5,5,25,255520,0.21109,0.2096,0.00149,1219083.9694656488,1210479.1769666672,255519,0.4429,22
diff5,5,26,821985,0.665968,0.6644,0.001568,1237183.925346177,1234271.093776515,821984,0.4429,23
diff5,5,27,1091513,0.897392,0.8959,0.001492,1218342.4489340328,1216316.3870706342,1091512,0.4429,24
diff5,5,28,488207,0.398708,0.3972,0.001508,1229121.3494461228,1224472.8042087283,488206,0.4429,25
diff5,5,29,105954,0.089155,0.0878,0.001355,1206765.3758542142,1188429.092714219,105953,0.4429,26
diff5,5,30,639052,0.530605,0.5293,0.001305,1207353.10787833,1204382.917439612,639051,0.4429,27
diff5,5,31,292427,0.233912,0.2327,0.001212,1256669.5315857327,1250156.6188718695,292426,0.4429,28
diff5,5,32,178699,0.1462,0.1447,0.0015,1234961.99032481,1222290.6880621833,178698,0.4429,29
diff5,5,33,358489,0.300776,0.2993,0.001476,1197758.1022385566,1191880.00720574,358488,0.4429,30
diff5,5,34,1488476,1.203785,1.2024,0.001385,1237920.8250166334,1236496.593611445,1488475,0.4429,31
diff5,5,35,1864097,1.498558,1.4972,0.001358,1245055.4368153887,1243926.8506533406,1864096,0.4429,32
diff5,5,36,1050123,0.860161,0.8587,0.001461,1222921.8586235007,1220845.2929612657,1050122,0.4429,33
diff5,5,37,428340,0.362337,0.3608,0.001537,1187195.1219512194,1182159.5582053831,428339,0.4429,34
diff5,5,38,1166949,0.981346,0.9799,0.001446,1190885.8046739462,1189131.0506352775,1166948,0.4429,35
diff5,5,39,831203,0.687511,0.686,0.001511,1211666.1807580173,1209003.860860691,831202,0.4429,36
diff5,5,40,359316,0.300373,0.299,0.001373,1201725.7525083614,1196232.5204646785,359315,0.4429,37
diff5,5,41,420555,0.340526,0.339,0.001526,1240575.221238938,1235015.223368985,420554,0.4429,38
diff5,5,42,900448,0.768862,0.7676,0.001262,1173069.306930693,1171144.4798167725,900447,0.4429,39
diff5,5,43,1077798,0.890185,0.8888,0.001385,1212644.01440144,1210756.9175010005,1077797,0.4429,40
diff5,5,44,1734198,1.503533,1.5019,0.001633,1154669.4187362674,1153415.0669304114,1734197,0.4429,41
diff5,5,45,600023,0.493602,0.492,0.001602,1219558.943089431,1215599.8036786,600022,0.4429,42
diff5,5,46,373989,0.324073,0.3226,0.001473,1159296.3422194668,1154027.1744438107,373988,0.4429,43
diff5,5,47,1506131,1.247123,1.2455,0.001623,1209258.1292653552,1207684.0840312918,1506130,0.4429,44
diff5,5,48,599657,0.519303,0.5178,0.001503,1158086.1336423329,1154735.1604999313,599656,0.4429,45
diff5,5,49,245023,0.204702,0.2032,0.001502,1205821.8503937009,1196971.945297349,245022,0.4429,46
diff5,5,50,424935,0.364279,0.3629,0.001379,1170942.4083769633,1166510.1357627162,424934,0.4429,47
diff5,5,51,4772309,4.079722,4.0782,0.001522,1170199.8430680202,1169763.3665904682,4772308,0.4429,48
diff5,5,52,378771,0.30648,0.3052,0.00128,1241058.3224115332,1235876.2751346019,378770,0.4429,49
diff5,5,53,1060631,0.882557,0.8813,0.001257,1203484.6249858164,1201770.3098345501,1060630,0.4429,50
diff5,5,54,1238951,1.006983,1.0055,0.001483,1232174.0427647936,1230358.7894260176,1238950,0.4429,51
diff5,5,55,161033,0.13086,0.1295,0.00136,1243498.0694980694,1230571.9238729966,161032,0.4429,52
diff5,5,56,394944,0.317881,0.3167,0.001181,1247060.3094411115,1242426.7098515327,394943,0.4429,53
diff5,5,57,873,0.001704,0.0007,0.001004,1247142.857142857,512399.1567407124,872,0.4429,54
diff5,5,58,269256,0.21686,0.2158,0.00106,1247710.843373494,1241612.5742859798,269255,0.4429,55
diff5,5,59,599899,0.479275,0.4778,0.001475,1255544.1607367098,1251680.4682835427,599898,0.4429,56
diff5,5,60,245280,0.194752,0.1935,0.001252,1267596.899224806,1259450.8747071128,245279,0.4429,57
diff5,5,61,2453477,2.054413,2.0531,0.001313,1195010.9590375528,1194247.1160801374,2453476,0.4429,58
diff5,5,62,2106970,1.718787,1.7172,0.001587,1226979.9673887724,1225847.1244823874,2106969,0.4429,59
diff5,5,63,3222971,2.648531,2.6471,0.001431,1217547.8825884932,1216889.8504111413,3222970,0.4429,60
diff5,5,64,552481,0.465562,0.4642,0.001362,1190178.8022404136,1186696.5129570877,552480,0.4429,61
diff5,5,65,127808,0.110752,0.1093,0.001452,1169332.1134492224,1154005.6418592217,127807,0.4429,62
diff5,5,66,553242,0.468641,0.4672,0.001441,1184165.2397260275,1180524.9496599128,553241,0.4429,63
diff5,5,67,2392008,2.008713,2.0072,0.001513,1191713.8302112394,1190816.1843465674,2392007,0.4429,64
diff5,5,68,351431,0.302494,0.301,0.001494,1167544.850498339,1161777.6135318507,351430,0.4429,65
diff5,5,69,54075,0.047862,0.0464,0.001462,1165409.4827586208,1129799.8990084487,54074,0.4429,66
diff5,5,70,85405,0.073932,0.0725,0.001432,1178000.0,1155178.5797399417,85404,0.4429,67
diff5,5,71,1194711,1.013763,1.0122,0.001563,1180311.203319502,1178491.5191499381,1194710,0.4429,68
diff5,5,72,743618,0.634292,0.6328,0.001492,1175123.261694058,1172359.8735360543,743617,0.4429,69
diff5,5,73,2939032,2.49714,2.4958,0.00134,1177591.1531372706,1176959.3789329147,2939031,0.4429,70
diff5,5,74,878521,0.726861,0.7254,0.001461,1211084.9186655637,1208649.998906133,878520,0.4429,71
diff5,5,75,2642627,2.169475,2.1682,0.001275,1218811.4565077021,1218095.1613357405,2642626,0.4429,72
diff5,5,76,858277,0.697043,0.6957,0.001343,1233688.3714244645,1231311.485197673,858276,0.4429,73
diff5,5,77,5768781,4.836346,4.8349,0.001446,1193154.1500341268,1192797.506044417,5768780,0.4429,74
diff5,5,78,3100431,2.61841,2.6168,0.00161,1184817.716294711,1184089.1236269951,3100430,0.4429,75
diff5,5,79,3406216,2.904692,2.9032,0.001492,1173262.606778727,1172659.8914156498,3406215,0.4429,76
diff5,5,80,42461,0.03791,0.0364,0.00151,1166510.989010989,1120056.0809582255,42460,0.4429,77
diff5,5,81,647541,0.549647,0.5484,0.001247,1180782.2757111597,1178104.2943731477,647540,0.4429,78
diff5,5,82,698157,0.592997,0.5917,0.001297,1179917.1877640695,1177336.4787638215,698156,0.4429,79
diff5,5,83,1068182,0.922199,0.9206,0.001599,1160310.6669563327,1158299.4333416224,1068181,0.4429,80
diff5,5,84,489054,0.424348,0.423,0.001348,1156156.0283687944,1152482.4349743426,489053,0.4429,81
diff5,5,85,171188,0.146948,0.1455,0.001448,1176549.8281786942,1164957.967158965,171187,0.4429,82
diff5,5,86,3371504,2.873828,2.8724,0.001428,1173758.5294527225,1173175.1378452128,3371503,0.4429,83
diff5,5,87,214374,0.178817,0.1774,0.001417,1208421.6459977452,1198845.747279622,214373,0.4429,84
diff5,5,88,3048765,2.504818,2.5034,0.001418,1217849.7243748503,1217160.3897735202,3048764,0.4429,85
diff5,5,89,418105,0.357908,0.3564,0.001508,1173134.1189674523,1168189.7691603717,418104,0.4429,86
diff5,5,90,3138002,2.563956,2.5625,0.001456,1224586.1463414633,1223890.5190238648,3138001,0.4429,87
diff5,5,91,1241161,1.007763,1.0064,0.001363,1233268.0842607315,1231600.0373285373,1241160,0.4429,88
diff5,5,92,905291,0.752226,0.7507,0.001526,1205929.132809378,1203482.8626107448,905290,0.4429,89
diff5,5,93,1940971,1.597346,1.5957,0.001646,1216375.885191452,1215122.1429410258,1940970,0.4429,90
diff5,5,94,846658,0.716778,0.715,0.001778,1184137.062937063,1181199.6885463314,846657,0.4429,91
diff5,5,95,287267,0.247628,0.2461,0.001528,1167277.5294595691,1160076.152581708,287266,0.4429,92
diff5,5,96,78544,0.068082,0.0666,0.001482,1179339.3393393392,1153671.871252013,78543,0.4429,93
diff5,5,97,14344,0.013585,0.0122,0.001385,1175737.7049180327,1055893.0611369808,14343,0.4429,94
diff5,5,98,2102117,1.77326,1.7717,0.00156,1186497.1496302986,1185453.3176896719,2102116,0.4429,95
diff5,5,99,480032,0.397286,0.3959,0.001386,1212508.2091437231,1208278.9272858154,480031,0.4429,96
diff5,5,100,2627315,2.262662,2.2612,0.001462,1161911.8167344772,1161161.2070195624,2627314,0.4429,97
diff5,5,101,2628107,2.241842,2.2402,0.001642,1173157.3073832693,1172298.0477416343,2628106,0.4429,98
diff5,5,102,247576,0.21088,0.2094,0.00148,1182311.3658070678,1174011.5693465816,247575,0.4429,99
diff5,5,103,927076,0.789203,0.7878,0.001403,1176791.063721757,1174699.4039803506,927075,0.4429,100
diff5,5,104,452172,0.386203,0.3847,0.001503,1175388.614504809,1170815.449535555,452171,0.4429,101
diff5,5,105,2590707,2.202477,2.201,0.001477,1177059.06406179,1176269.7181639744,2590706,0.4429,102
diff5,5,106,839820,0.724436,0.7228,0.001636,1161898.1737686773,1159274.0491472848,839819,0.4429,103
diff5,5,107,619976,0.527631,0.5263,0.001331,1177989.739692191,1175018.703694553,619975,0.4429,104
diff5,5,108,1269770,1.054575,1.0523,0.002275,1206661.5984034971,1204058.9818085404,1269769,0.4429,105
diff5,5,109,469333,0.3907,0.3893,0.0014,1205581.8135114308,1201261.1952676014,469332,0.4429,106
diff5,5,110,518339,0.433463,0.4321,0.001363,1199581.1154825273,1195809.7894241496,518338,0.4429,107
diff5,5,111,329172,0.274564,0.2732,0.001364,1204875.5490483162,1198888.6010756707,329171,0.4429,108
diff5,5,112,46367,0.04033,0.0389,0.00143,1191953.7275064269,1149697.185870802,46366,0.4429,109
diff5,5,113,90375,0.078846,0.0774,0.001446,1167635.6589147288,1146224.7727556468,90374,0.4429,110
diff5,5,114,241822,0.196849,0.1954,0.001449,1237574.2067553736,1228462.1170924532,241821,0.4429,111
diff5,5,115,442569,0.36865,0.3672,0.00145,1205253.267973856,1200511.1897472038,442568,0.4429,112
diff5,5,116,806653,0.673831,0.6725,0.001331,1199484.0148698885,1197115.372780584,806652,0.4429,113
diff5,5,117,1370828,1.133912,1.1324,0.001512,1210551.0420346167,1208936.7602292516,1370827,0.4429,114
diff5,5,118,299690,0.253949,0.2525,0.001449,1186891.0891089109,1180119.6140520286,299689,0.4429,115
diff5,5,119,187735,0.156436,0.155,0.001436,1211193.5483870967,1200074.7924132536,187734,0.4429,116
diff5,5,120,656309,0.546934,0.5455,0.001434,1203132.9055912008,1199978.3327600486,656308,0.4429,117
diff5,5,121,747984,0.615497,0.6141,0.001397,1218016.6096726917,1215252.475011347,747983,0.4429,118
diff5,5,122,212333,0.176395,0.1749,0.001495,1214025.1572327043,1203737.9262721655,212332,0.4429,119
diff5,5,123,494775,0.406596,0.405,0.001596,1221666.6666666665,1216870.9186722776,494774,0.4429,120
diff5,5,124,1282187,1.053908,1.0525,0.001408,1218229.9287410926,1216601.820874346,1282186,0.4429,121
diff5,5,125,1831912,1.572942,1.5715,0.001442,1165709.1950365894,1164640.3420512637,1831911,0.4429,122
diff5,5,126,1416052,1.206678,1.2051,0.001578,1175049.3734959753,1173512.4917313685,1416051,0.4429,123
diff5,5,127,1793166,1.523574,1.5221,0.001474,1178086.8536889823,1176947.0993925065,1793165,0.4429,124
diff5,5,128,868833,0.722702,0.7213,0.001402,1204537.6403715513,1202200.7676245256,868832,0.4429,125
diff5,5,129,1026281,0.850401,0.849,0.001401,1208811.542991755,1206820.608774016,1026280,0.4429,126
diff6,6,3,17813344,14.287477,14.2858,0.001677,1246926.5984404094,1246780.2397730509,17813343,9.9004,0
diff6,6,4,9994230,7.931562,7.93,0.001562,1260306.4312736443,1260058.180283276,9994229,9.9004,1
diff6,6,5,7705893,6.197571,6.196,0.001571,1243688.347320852,1243373.0224174713,7705892,9.9004,2
diff6,6,6,4206842,3.392082,3.3905,0.001582,1240773.33726589,1240194.7565608325,4206841,9.9004,3
diff6,6,7,6803311,5.495646,5.4942,0.001446,1238271.449892614,1237945.6486089244,6803310,9.9004,4
diff6,6,8,29394028,23.435567,23.434,0.001567,1254332.5083212426,1254248.6116542541,29394027,9.9004,5
diff6,6,9,21568010,17.115999,17.1143,0.001699,1260233.2552310056,1260108.18722699,21568009,9.9004,6
diff6,6,10,36017952,29.267488,29.2659,0.001588,1230713.9708671186,1230647.173574847,36017951,9.9004,7
diff6,6,11,14733991,11.84219,11.8408,0.00139,1244340.838456861,1244194.8034092658,14733990,9.9004,8
diff6,6,12,14113346,11.504966,11.5035,0.001466,1226874.081801191,1226717.7983819055,14113345,9.9004,9
diff6,6,13,18643768,15.136231,15.1347,0.001531,1231855.8015685808,1231731.2052004493,18643767,9.9004,10
diff6,6,14,8804737,7.027269,7.0257,0.001569,1253218.4693340166,1252938.7485216602,8804736,9.9004,11
diff6,6,15,55803912,45.067047,45.0655,0.001547,1238284.541389755,1238242.0306909976,55803911,9.9004,12
diff6,6,16,10601002,8.151828,8.1504,0.001428,1300672.6050255203,1300444.7192700205,10601001,9.9004,13
diff6,6,17,34354099,25.657948,25.6566,0.001348,1338996.554492801,1338926.2267724662,34354098,9.9004,14
diff6,6,18,10407886,7.71495,7.7137,0.00125,1349272.8521980373,1349054.2607222043,10407885,9.9004,15
diff6,6,19,42333758,31.218805,31.2175,0.001305,1356090.5902138224,1356033.8978547885,42333757,9.9004,16
diff6,6,20,21378540,16.523617,16.5222,0.001417,1293928.1693721174,1293817.2365763835,21378539,9.9004,17
diff6,6,21,17765046,14.442106,14.4405,0.001606,1230223.745715176,1230086.9522503216,17765045,9.9004,18
diff6,6,22,25194868,20.540383,20.5389,0.001483,1226690.2317066637,1226601.6531254337,25194867,9.9004,19
diff6,6,23,1918990,1.543949,1.5425,0.001449,1244077.7957860616,1242910.3594313029,1918989,9.9004,20
diff6,6,24,895203,0.719039,0.7176,0.001439,1247495.8193979934,1244999.949980069,895202,9.9004,21
diff6,6,25,12458413,10.148094,10.1466,0.001494,1227841.1487591905,1227660.330864362,12458412,9.9004,22
